period,pattern,length,count,mean,z_score,detections,overall_score
2023-H1,price_issue=True & product_code=F,2,75,11.0,3.17,4,1.0
2023-H2,age_range=(30-40] & price_issue=True & product_code=A,3,39,10.0,2.3,4,0.93
2023-H2,age_range=(30-40] & delivery_issue=True & price_issue=True,3,43,8.0,2.82,3,0.87
2023-H2,product_code=H & quality_issue=True,2,91,12.0,3.25,3,0.8
2023-H2,age_range=(30-40] & product_code=D,2,88,12.0,3.24,3,0.79
2023-H1,product_code=G & quality_issue=True,2,55,11.0,2.58,4,0.76
2023-H2,age_range=(30-40] & delivery_issue=True,2,171,33.0,2.68,3,0.75
2023-H2,product_code=H & service_issue=True,2,69,10.0,3.22,3,0.75
2023-H1,age_range=(30-40] & product_code=B,2,93,14.0,3.01,3,0.75
2023-H1,delivery_issue=True & product_code=B,2,70,9.0,3.19,3,0.74
2023-H1,age_range=(30-40] & product_code=F,2,76,13.0,3.06,3,0.73
2023-H2,delivery_issue=True & product_code=D,2,79,12.0,2.96,3,0.71
2023-H2,age_range=(40-50] & product_code=E,2,42,9.0,2.6,4,0.71
2023-H1,description_issue=True & product_code=F,2,61,9.0,3.09,3,0.7
2023-H2,age_range=(30-40] & city=Lakeside & quality_issue=True,3,49,6.0,3.22,2,0.69
2023-H1,product_code=F & quality_issue=True,2,51,9.0,3.14,3,0.68
2023-H1,price_issue=True & product_code=A,2,96,19.0,2.69,3,0.67
2023-H1,product_code=F & service_issue=True,2,57,10.0,2.98,3,0.66
2023-H2,city=Hilltop & product_code=D,2,57,9.0,2.94,3,0.65
2023-H1,delivery_issue=True & product_code=G,2,62,11.0,2.84,3,0.64
2023-H1,age_range=(40-50] & delivery_issue=True,2,97,20.0,2.56,3,0.64
2023-H2,age_range=(40-50] & product_code=D,2,50,8.0,2.93,3,0.63
2023-H1,age_range=(40-50] & product_code=B & quality_issue=True,3,22,4.0,2.47,3,0.63
2023-H1,age_range=(40-50] & product_code=B,2,48,8.0,2.96,3,0.63
2023-H1,age_range=(20-30] & product_code=F,2,47,8.0,2.99,3,0.63
2023-H1,city=Springfield & quality_issue=True,2,51,8.0,2.9,3,0.63
2023-H1,age_range=(30-40] & product_code=B & quality_issue=True,3,48,7.0,2.97,2,0.63
2023-H1,age_range=(20-30] & price_issue=True & product_code=A,3,39,5.0,3.11,2,0.63
2023-H2,delivery_issue=True & price_issue=True,2,80,15.0,2.59,3,0.62
2023-H1,age_range=(40-50] & delivery_issue=True & description_issue=True,3,35,5.0,3.15,2,0.62
2023-H2,age_range=(20-30] & service_issue=True,2,92,22.0,2.45,3,0.61
2023-H2,age_range=(30-40] & delivery_issue=True & quality_issue=True,3,48,7.0,2.87,2,0.61
2023-H1,age_range=(30-40] & price_issue=True,2,156,36.0,2.2,3,0.61
2023-H1,price_issue=True & product_code=G,2,63,11.0,2.67,3,0.61
2023-H2,description_issue=True & product_code=E,2,43,10.0,2.23,4,0.61
2023-H1,age_range=(30-40] & price_issue=True & product_code=A,3,30,10.0,1.59,4,0.6
2023-H1,age_range=(40-50] & quality_issue=True,2,87,18.0,2.46,3,0.6
2023-H1,age_range=(30-40] & price_issue=True & product_code=C,3,32,4.0,3.12,2,0.6
2023-H2,age_range=(30-40] & price_issue=True,2,155,36.0,2.18,3,0.6
2023-H2,age_range=(40-50] & service_issue=True,2,84,18.0,2.43,3,0.59
2023-H1,price_issue=True & quality_issue=True,2,69,13.0,2.54,3,0.59
2023-H1,age_range=(30-40] & delivery_issue=True & product_code=B,3,34,5.0,3.04,2,0.59
2023-H2,age_range=(30-40] & city=Lakeside & price_issue=True,3,30,4.0,3.07,2,0.58
2023-H1,age_range=(40-50] & description_issue=True & product_code=C,3,29,4.0,3.07,2,0.57
2023-H1,age_range=(30-40] & price_issue=True & service_issue=True,3,44,7.0,2.72,2,0.57
2023-H1,age_range=(30-40] & product_code=G,2,70,16.0,2.43,3,0.57
2023-H2,product_code=C & service_issue=True,2,85,18.0,2.34,3,0.57
2023-H2,delivery_issue=True & product_code=E,2,48,10.0,2.7,3,0.57
2023-H1,city=Rivertown & quality_issue=True,2,40,8.0,2.77,3,0.56
2022-H2,age_range=(30-40] & delivery_issue=True & product_code=A,3,22,5.0,2.19,3,0.56
2023-H2,city=Hilltop & delivery_issue=True,2,49,9.0,2.63,3,0.56
2023-H1,city=Springfield & price_issue=True & product_code=A,3,30,5.0,2.96,2,0.56
2021-H2,city=Lakeside & product_code=C & service_issue=True,3,33,5.0,2.88,2,0.55
2023-H2,age_range=(30-40] & product_code=H,2,102,12.0,3.28,2,0.55
2023-H2,age_range=(30-40] & product_code=A,2,70,16.0,2.38,3,0.55
2023-H1,age_range=(40-50] & product_code=C,2,55,12.0,2.49,3,0.55
2023-H2,age_range=(30-40] & product_code=E,2,58,13.0,2.48,3,0.55
2023-H2,age_range=(20-30] & product_code=C & service_issue=True,3,27,4.0,2.94,2,0.54
2023-H2,age_range=(40-50] & product_code=C & service_issue=True,3,25,6.0,2.01,3,0.54
2023-H1,age_range=(30-40] & product_code=C & service_issue=True,3,37,6.0,2.65,2,0.53
2023-H1,age_range=(30-40] & city=Springfield,2,39,8.0,2.63,3,0.53
2023-H2,delivery_issue=True & product_code=C,2,57,11.0,2.4,3,0.53
2023-H1,product_code=B & quality_issue=True,2,105,16.0,3.05,2,0.52
2023-H2,age_range=(30-40] & city=Lakeside,2,94,12.0,3.12,2,0.52
2023-H2,city=Lakeside & service_issue=True,2,47,10.0,2.45,3,0.52
2023-H1,age_range=(40-50] & city=Rivertown,2,30,6.0,2.73,3,0.51
2023-H2,price_issue=True & product_code=D,2,74,10.0,3.23,2,0.51
2023-H2,age_range=(30-40] & quality_issue=True & service_issue=True,3,37,7.0,2.54,2,0.5
2023-H2,age_range=(30-40] & delivery_issue=True & product_code=E,3,24,4.0,2.83,2,0.5
2023-H2,age_range=(30-40] & product_code=E & quality_issue=True,3,27,5.0,2.77,2,0.5
2021-H2,age_range=(40-50] & product_code=C & service_issue=True,3,24,6.0,1.9,3,0.5
2023-H1,age_range=(30-40] & product_code=F & service_issue=True,3,25,5.0,2.81,2,0.5
2023-H2,age_range=(20-30] & city=Springfield & delivery_issue=True,3,23,3.0,2.86,2,0.5
2023-H2,description_issue=True & product_code=H,2,63,8.0,3.25,2,0.49
2023-H1,delivery_issue=True & description_issue=True & product_code=C,3,26,4.0,2.73,2,0.49
2023-H1,age_range=(20-30] & description_issue=True & product_code=A,3,22,3.0,2.84,2,0.49
2023-H2,product_code=E & service_issue=True,2,34,7.0,2.46,3,0.48
2023-H1,age_range=(20-30] & price_issue=True,2,110,18.0,2.78,2,0.48
2023-H2,age_range=(30-40] & delivery_issue=True & product_code=A,3,20,5.0,1.93,3,0.48
2023-H2,age_range=(30-40] & quality_issue=True,2,180,36.0,2.51,2,0.48
2023-H2,city=Lakeside & quality_issue=True,2,78,10.0,3.03,2,0.48
2023-H2,age_range=(30-40] & delivery_issue=True & service_issue=True,3,30,6.0,2.54,2,0.48
2023-H2,city=Hilltop & service_issue=True,2,55,6.0,3.18,2,0.47
2023-H1,product_code=B & service_issue=True,2,53,7.0,3.21,2,0.47
2021-H2,city=Lakeside & product_code=C,2,38,8.0,2.34,3,0.47
2023-H1,description_issue=True & product_code=E,2,36,10.0,1.76,4,0.46
2023-H2,age_range=(40-50] & price_issue=True & product_code=E,3,19,3.0,2.8,2,0.46
2023-H2,product_code=D & service_issue=True,2,58,8.0,3.13,2,0.46
2023-H2,city=Hilltop & quality_issue=True,2,51,6.0,3.18,2,0.46
2023-H2,age_range=(30-40] & description_issue=True & quality_issue=True,3,26,4.0,2.55,2,0.46
2023-H2,age_range=(30-40] & description_issue=True & product_code=E,3,16,4.0,1.97,3,0.46
2023-H1,age_range=(40-50] & description_issue=True,2,90,16.0,2.76,2,0.45
2023-H1,city=Springfield & product_code=G,2,47,6.0,3.2,2,0.45
2023-H1,description_issue=True & price_issue=True & product_code=A,3,22,4.0,2.62,2,0.45
2023-H2,age_range=(20-30] & product_code=C,2,64,10.0,2.96,2,0.45
2023-H1,age_range=(50-60] & city=Springfield & delivery_issue=True & product_code=G & service_issue=True,5,18,2.0,3.32,1,0.45
2023-H1,product_code=G & service_issue=True,2,69,12.0,2.94,2,0.45
2023-H2,age_range=(20-30] & delivery_issue=True & product_code=D,3,20,3.0,2.73,2,0.45
2023-H1,age_range=(30-40] & product_code=G & service_issue=True,3,29,5.0,2.4,2,0.45
2023-H2,age_range=(20-30] & product_code=D,2,52,8.0,3.09,2,0.45
2023-H2,delivery_issue=True & product_code=A,2,36,8.0,2.3,3,0.45
2023-H2,age_range=(30-40] & delivery_issue=True & product_code=G,3,26,6.0,2.48,2,0.45
2023-H1,age_range=(40-50] & description_issue=True & quality_issue=True,3,18,3.0,2.79,2,0.45
2023-H1,price_issue=True & product_code=B,2,45,6.0,3.2,2,0.45
2021-H2,age_range=(40-50] & city=Lakeside & product_code=C,3,19,3.0,2.73,2,0.45
2023-H1,delivery_issue=True & product_code=F,2,51,7.0,3.12,2,0.45
2023-H2,age_range=(40-50] & price_issue=True & service_issue=True,3,20,4.0,2.66,2,0.44
2023-H2,city=Lakeside & product_code=B & quality_issue=True,3,22,3.0,2.55,2,0.44
2023-H2,age_range=(40-50] & delivery_issue=True & price_issue=True,3,19,3.0,2.68,2,0.44
2023-H1,city=Springfield & product_code=G & quality_issue=True,3,18,2.0,2.71,2,0.44
2023-H2,product_code=G & quality_issue=True,2,39,11.0,1.64,4,0.44
2023-H2,age_range=(30-40] & description_issue=True & price_issue=True,3,32,6.0,2.32,2,0.44
2023-H2,age_range=(30-40] & product_code=A & quality_issue=True,3,22,4.0,2.54,2,0.44
2023-H2,age_range=(40-50] & city=Hilltop & delivery_issue=True,3,18,3.0,2.71,2,0.44
2023-H1,age_range=(40-50] & city=Mountainview & delivery_issue=True & description_issue=True & product_code=C,5,18,2.0,3.3,1,0.44
2023-H1,delivery_issue=True & description_issue=True,2,78,14.0,2.68,2,0.43
2023-H1,delivery_issue=True & product_code=C,2,49,11.0,1.99,3,0.43
2023-H2,age_range=(40-50] & description_issue=True & service_issue=True,3,17,3.0,2.73,2,0.43
2023-H1,city=Springfield & price_issue=True,2,49,8.0,3.03,2,0.43
2023-H1,age_range=(40-50] & product_code=G,2,41,5.0,3.16,2,0.43
2023-H1,age_range=(40-50] & service_issue=True,2,68,18.0,1.84,3,0.43
2023-H1,age_range=(40-50] & price_issue=True,2,102,20.0,2.52,2,0.43
2023-H1,city=Springfield & service_issue=True,2,46,6.0,3.1,2,0.43
2023-H2,age_range=(40-50] & delivery_issue=True & service_issue=True,3,23,4.0,2.48,2,0.43
2023-H1,city=Riverside & price_issue=True,2,46,6.0,3.04,2,0.43
2023-H2,age_range=(30-40] & service_issue=True,2,158,32.0,2.31,2,0.43
2022-H2,age_range=(40-50] & city=Rivertown & product_code=B,3,17,3.0,2.71,2,0.43
2023-H1,age_range=(30-40] & city=Forestville & price_issue=True & product_code=C & service_issue=True,5,16,1.0,3.32,1,0.43
2023-H2,age_range=(30-40] & delivery_issue=True & product_code=C,3,18,3.0,2.68,2,0.43
2023-H1,age_range=(30-40] & delivery_issue=True,2,116,33.0,1.61,3,0.42
2022-H2,age_range=(30-40] & city=Quartz City & delivery_issue=True & price_issue=True & product_code=A,5,15,1.0,3.32,1,0.42
2023-H2,product_code=A & service_issue=True,2,49,7.0,2.96,2,0.42
2023-H2,age_range=(30-40] & city=Hilltop,2,44,7.0,3.01,2,0.42
2023-H2,age_range=(30-40] & price_issue=True & product_code=G,3,30,6.0,2.23,2,0.42
2023-H1,age_range=(20-30] & service_issue=True,2,73,22.0,1.79,3,0.42
2023-H2,age_range=(40-50] & delivery_issue=True,2,73,20.0,1.77,3,0.42
2023-H2,age_range=(40-50] & quality_issue=True,2,69,18.0,1.82,3,0.42
2023-H1,city=Mountainview & product_code=C,2,35,4.0,3.11,2,0.41
2023-H1,age_range=(40-50] & product_code=A,2,41,6.0,3.02,2,0.41
2023-H1,city=Rivertown & price_issue=True,2,39,6.0,3.02,2,0.41
2023-H1,city=Hilltop & delivery_issue=True & product_code=D,3,24,5.0,2.34,2,0.41
2023-H1,age_range=(40-50] & price_issue=True & quality_issue=True,3,20,4.0,2.46,2,0.41
2023-H1,age_range=(20-30] & description_issue=True & price_issue=True,3,24,4.0,2.34,2,0.41
2023-H2,age_range=(30-40] & delivery_issue=True & description_issue=True,3,25,5.0,2.33,2,0.41
2023-H2,age_range=(30-40] & description_issue=True,2,125,26.0,2.34,2,0.41
2023-H1,price_issue=True & service_issue=True,2,83,15.0,2.53,2,0.41
2023-H1,product_code=C & service_issue=True,2,69,18.0,1.78,3,0.41
2023-H1,price_issue=True & product_code=C,2,50,8.0,2.85,2,0.41
2023-H1,age_range=(30-40] & description_issue=True & product_code=E,3,15,4.0,1.8,3,0.41
2023-H2,age_range=(30-40] & product_code=G,2,57,16.0,1.85,3,0.41
2023-H2,description_issue=True & product_code=D,2,37,6.0,3.07,2,0.41
2023-H1,description_issue=True & product_code=B,2,34,4.0,3.14,2,0.41
2023-H2,age_range=(20-30] & product_code=E,2,29,7.0,2.22,3,0.41
2023-H1,delivery_issue=True & service_issue=True,2,82,15.0,2.47,2,0.4
2023-H2,city=Lakeside & delivery_issue=True,2,40,6.0,2.99,2,0.4
2023-H1,age_range=(30-40] & price_issue=True & quality_issue=True,3,27,6.0,2.22,2,0.4
2023-H2,age_range=(30-40] & description_issue=True & service_issue=True,3,25,5.0,2.23,2,0.4
2023-H1,age_range=(20-30] & product_code=F & service_issue=True,3,17,3.0,2.51,2,0.4
2023-H1,age_range=(20-30] & city=Riverside & description_issue=True & price_issue=True & product_code=A,5,13,1.0,3.32,1,0.4
2023-H1,age_range=(30-40] & product_code=A,2,57,16.0,1.8,3,0.4
2023-H2,age_range=(30-40] & product_code=C & quality_issue=True,3,16,3.0,2.57,2,0.4
2023-H1,age_range=(30-40] & description_issue=True & service_issue=True,3,25,5.0,2.23,2,0.4
2023-H2,city=Springfield & product_code=C,2,35,4.0,3.07,2,0.4
2023-H2,product_code=E & quality_issue=True,2,54,10.0,2.75,2,0.4
2023-H1,age_range=(30-40] & description_issue=True & price_issue=True,3,30,6.0,2.14,2,0.4
2023-H1,age_range=(30-40] & price_issue=True & product_code=G,3,29,6.0,2.13,2,0.4
2023-H1,age_range=(30-40] & product_code=G & quality_issue=True,3,19,5.0,2.42,2,0.4
2023-H1,city=Riverside & description_issue=True,2,39,5.0,2.93,2,0.39
2023-H2,delivery_issue=True & price_issue=True & product_code=G,3,15,3.0,2.59,2,0.39
2023-H2,city=Lakeside & price_issue=True,2,48,8.0,2.74,2,0.39
2023-H2,description_issue=True & product_code=C & service_issue=True,3,15,3.0,2.59,2,0.39
2023-H1,age_range=(30-40] & service_issue=True,2,149,32.0,2.14,2,0.39
2023-H1,description_issue=True & product_code=C,2,61,10.0,2.58,2,0.39
2023-H2,quality_issue=True & service_issue=True,2,67,13.0,2.52,2,0.39
2023-H1,age_range=(20-30] & city=Riverside,2,32,4.0,3.06,2,0.39
2023-H2,age_range=(40-50] & description_issue=True & price_issue=True,3,17,3.0,2.48,2,0.39
2023-H1,age_range=(30-40] & price_issue=True & product_code=C & service_issue=True,4,22,2.0,3.29,1,0.38
2023-H2,age_range=(30-40] & price_issue=True & quality_issue=True,3,26,6.0,2.11,2,0.38
2023-H2,price_issue=True & quality_issue=True,2,52,13.0,1.76,3,0.38
2023-H1,city=Mountainview & description_issue=True,2,32,4.0,3.01,2,0.38
2023-H1,city=Springfield & product_code=A,2,45,8.0,2.75,2,0.38
2023-H1,age_range=(50-60] & city=Springfield & product_code=G & service_issue=True,4,23,2.0,3.32,1,0.38
2023-H1,city=Springfield & delivery_issue=True & product_code=G & service_issue=True,4,22,2.0,3.31,1,0.38
2023-H1,description_issue=True & product_code=G,2,33,5.0,2.96,2,0.38
2023-H1,age_range=(20-30] & product_code=A,2,56,10.0,2.59,2,0.38
2023-H2,age_range=(20-30] & city=Hilltop,2,34,5.0,2.97,2,0.38
2023-H2,age_range=(20-30] & product_code=H,2,32,6.0,3.0,2,0.38
2023-H1,age_range=(30-40] & city=Rivertown,2,38,6.0,2.83,2,0.38
2023-H1,age_range=(30-40] & product_code=C,2,67,12.0,2.48,2,0.38
2023-H1,city=Rivertown & product_code=B & quality_issue=True,3,19,5.0,2.26,2,0.37
2023-H1,age_range=(30-40] & description_issue=True & product_code=C,3,20,4.0,2.23,2,0.37
2023-H1,age_range=(40-50] & delivery_issue=True & quality_issue=True,3,15,3.0,2.41,2,0.37
2023-H1,delivery_issue=True & price_issue=True,2,57,15.0,1.67,3,0.37
2023-H1,price_issue=True & product_code=E & quality_issue=True,3,17,3.0,2.36,2,0.37
2023-H1,age_range=(40-50] & city=Mountainview,2,30,5.0,2.92,2,0.37
2023-H2,age_range=(40-50] & city=Hilltop,2,37,6.0,2.82,2,0.37
2023-H2,age_range=(30-40] & description_issue=True & product_code=C,3,20,4.0,2.23,2,0.37
2023-H2,age_range=(20-30] & delivery_issue=True & description_issue=True,3,14,3.0,2.52,2,0.37
2023-H2,city=Lakeside & description_issue=True,2,33,5.0,2.88,2,0.37
2023-H2,delivery_issue=True & quality_issue=True,2,75,14.0,2.36,2,0.37
2023-H1,age_range=(20-30] & city=Rivertown,2,32,5.0,2.94,2,0.37
2023-H1,age_range=(50-60] & city=Springfield & delivery_issue=True & product_code=G,4,20,2.0,3.32,1,0.37
2023-H1,age_range=(40-50] & delivery_issue=True & description_issue=True & product_code=C,4,21,2.0,3.25,1,0.37
2023-H1,age_range=(20-30] & delivery_issue=True,2,83,17.0,2.23,2,0.36
2023-H1,age_range=(30-40] & delivery_issue=True & description_issue=True,3,23,5.0,2.1,2,0.36
2023-H1,age_range=(30-40] & description_issue=True,2,114,26.0,2.08,2,0.36
2023-H2,description_issue=True & price_issue=True,2,76,14.0,2.29,2,0.36
2023-H2,age_range=(20-30] & quality_issue=True,2,88,20.0,2.2,2,0.36
2023-H1,age_range=(20-30] & quality_issue=True,2,88,20.0,2.2,2,0.36
2023-H1,age_range=(50-60] & delivery_issue=True & product_code=G & service_issue=True,4,18,2.0,3.32,1,0.36
2023-H1,age_range=(50-60] & city=Springfield & delivery_issue=True & service_issue=True,4,18,2.0,3.32,1,0.36
2023-H1,age_range=(40-50] & city=Mountainview & description_issue=True & product_code=C,4,19,2.0,3.3,1,0.36
2023-H1,age_range=(40-50] & city=Mountainview & delivery_issue=True & product_code=C,4,21,2.0,3.21,1,0.36
2021-H2,age_range=(40-50] & city=Lakeside & product_code=C & service_issue=True,4,19,2.0,3.27,1,0.36
2023-H2,age_range=(20-30] & description_issue=True & price_issue=True,3,22,4.0,2.11,2,0.36
2023-H2,age_range=(20-30] & city=Hilltop & product_code=G & quality_issue=True,4,19,2.0,3.3,1,0.36
2023-H1,city=Mountainview & delivery_issue=True,2,31,5.0,2.88,2,0.36
2023-H2,age_range=(20-30] & city=Springfield & delivery_issue=True & product_code=C,4,18,2.0,3.32,1,0.36
2022-H2,age_range=(30-40] & city=Quartz City & delivery_issue=True & product_code=A,4,18,2.0,3.32,1,0.36
2023-H1,age_range=(30-40] & quality_issue=True & service_issue=True,3,29,7.0,1.86,2,0.35
2023-H2,age_range=(30-40] & city=Greenfield,2,32,5.0,2.77,2,0.35
2023-H2,age_range=(30-40] & product_code=G & service_issue=True,3,25,5.0,1.99,2,0.35
2023-H2,age_range=(20-30] & delivery_issue=True,2,82,17.0,2.2,2,0.35
2023-H1,age_range=(30-40] & product_code=E,2,44,13.0,1.7,3,0.35
2023-H2,description_issue=True & service_issue=True,2,59,11.0,2.35,2,0.35
2023-H2,age_range=(30-40] & product_code=H & quality_issue=True,3,48,6.0,3.26,1,0.35
2023-H2,age_range=(20-30] & description_issue=True & service_issue=True,3,13,2.0,2.43,2,0.35
2023-H1,age_range=(20-30] & delivery_issue=True & price_issue=True,3,16,3.0,2.28,2,0.35
2023-H1,age_range=(40-50] & city=Mountainview & delivery_issue=True & description_issue=True,4,18,2.0,3.29,1,0.35
2023-H1,city=Rivertown & product_code=B,2,34,7.0,2.7,2,0.35
2023-H1,city=Brookside & quality_issue=True,2,24,3.0,2.99,2,0.35
2023-H2,age_range=(40-50] & delivery_issue=True & product_code=D,3,17,4.0,2.19,2,0.35
2023-H1,city=Mountainview & delivery_issue=True & description_issue=True & product_code=C,4,18,2.0,3.27,1,0.35
2023-H1,age_range=(30-40] & city=Forestville & price_issue=True & service_issue=True,4,17,2.0,3.31,1,0.35
2023-H1,city=Brookside & price_issue=True,2,27,4.0,2.92,2,0.35
2022-H2,city=Quartz City & delivery_issue=True & price_issue=True & product_code=A,4,16,1.0,3.32,1,0.34
2023-H1,age_range=(30-40] & city=Forestville & product_code=C & service_issue=True,4,16,1.0,3.31,1,0.34
2023-H1,age_range=(20-30] & city=Riverside & description_issue=True & product_code=A,4,16,1.0,3.32,1,0.34
2023-H1,age_range=(30-40] & city=Forestville & price_issue=True & product_code=C,4,16,1.0,3.32,1,0.34
2022-H2,age_range=(30-40] & city=Quartz City & delivery_issue=True & price_issue=True,4,15,1.0,3.32,1,0.34
2023-H1,description_issue=True & price_issue=True,2,73,14.0,2.18,2,0.34
2023-H2,age_range=(20-30] & city=Lakeside & quality_issue=True,3,13,2.0,2.34,2,0.34
2023-H1,age_range=(20-30] & description_issue=True & quality_issue=True,3,14,3.0,2.33,2,0.34
2022-H2,age_range=(40-50] & product_code=B & quality_issue=True,3,15,4.0,1.49,3,0.34
2022-H2,age_range=(30-40] & city=Quartz City & price_issue=True & product_code=A,4,16,1.0,3.31,1,0.34
2023-H1,age_range=(20-30] & description_issue=True,2,64,14.0,2.22,2,0.34
2023-H1,city=Seaside & delivery_issue=True,2,23,4.0,2.93,2,0.34
2023-H1,city=Forestville & price_issue=True & product_code=C & service_issue=True,4,16,1.0,3.32,1,0.34
2023-H1,age_range=(30-40] & city=Brookside,2,28,4.0,2.79,2,0.34
2023-H2,age_range=(20-30] & description_issue=True,2,64,14.0,2.22,2,0.34
2023-H1,age_range=(50-60] & delivery_issue=True,2,37,6.0,2.58,2,0.34
2023-H1,age_range=(30-40] & quality_issue=True,2,144,36.0,1.88,2,0.34
2023-H1,city=Springfield & delivery_issue=True,2,44,7.0,2.42,2,0.34
2023-H1,age_range=(30-40] & product_code=E & service_issue=True,3,15,3.0,2.22,2,0.34
2023-H2,age_range=(30-40] & product_code=E & service_issue=True,3,15,3.0,2.22,2,0.34
2023-H2,price_issue=True & product_code=G,2,42,11.0,1.6,3,0.33
2020-H2,age_range=(20-30] & city=Opal City & product_code=E & service_issue=True,4,15,1.0,3.29,1,0.33
2023-H2,price_issue=True & product_code=E,2,40,8.0,2.43,2,0.33
2023-H2,age_range=(50-60] & quality_issue=True,2,28,5.0,2.68,2,0.33
2023-H2,price_issue=True & product_code=A,2,61,19.0,1.47,3,0.33
2023-H2,age_range=(50-60] & city=Hilltop & product_code=H & service_issue=True,4,14,1.0,3.31,1,0.33
2023-H2,age_range=(40-50] & city=Lakeside,2,25,7.0,1.87,3,0.33
2023-H1,age_range=(20-30] & city=Riverside & description_issue=True & price_issue=True,4,15,1.0,3.31,1,0.33
2023-H1,age_range=(40-50] & city=Lakeside,2,25,7.0,1.87,3,0.33
2023-H1,age_range=(30-40] & product_code=B & quality_issue=True & service_issue=True,4,15,2.0,3.23,1,0.33
2023-H1,age_range=(20-30] & city=Riverside & price_issue=True & product_code=A,4,14,1.0,3.3,1,0.33
2022-H2,age_range=(30-40] & delivery_issue=True & price_issue=True & product_code=A,4,18,2.0,3.12,1,0.33
2023-H1,age_range=(20-30] & description_issue=True & price_issue=True & product_code=A,4,16,2.0,3.21,1,0.33
2023-H2,city=Hilltop & delivery_issue=True & product_code=D,3,21,5.0,1.98,2,0.33
2023-H2,age_range=(20-30] & delivery_issue=True & price_issue=True,3,15,3.0,2.1,2,0.32
2023-H1,city=Brookside & service_issue=True,2,20,3.0,2.87,2,0.32
2023-H1,age_range=(40-50] & delivery_issue=True & service_issue=True,3,19,4.0,1.95,2,0.32
2023-H2,age_range=(30-40] & delivery_issue=True & product_code=H & quality_issue=True,4,15,2.0,3.14,1,0.32
2023-H1,city=Rivertown & service_issue=True,2,28,5.0,2.59,2,0.32
2023-H2,age_range=(30-40] & price_issue=True & product_code=E,3,13,3.0,2.25,2,0.32
2023-H2,age_range=(20-30] & city=Springfield,2,42,8.0,2.32,2,0.32
2023-H2,age_range=(30-40] & city=Lakeside & product_code=B & quality_issue=True,4,15,2.0,3.14,1,0.32
2023-H2,description_issue=True & quality_issue=True,2,52,10.0,2.23,2,0.32
2023-H1,city=Hilltop & delivery_issue=True,2,34,9.0,1.65,3,0.32
2022-H2,age_range=(40-50] & city=Rivertown & product_code=B & quality_issue=True,4,15,2.0,3.2,1,0.32
2023-H2,age_range=(30-40] & delivery_issue=True & product_code=D,3,33,4.0,3.29,1,0.32
2023-H1,delivery_issue=True & quality_issue=True,2,68,14.0,2.1,2,0.32
2023-H1,description_issue=True & quality_issue=True,2,52,10.0,2.23,2,0.32
2023-H1,city=Springfield & product_code=G & service_issue=True,3,34,3.0,3.31,1,0.32
2023-H1,age_range=(20-30] & product_code=B & quality_issue=True,3,35,5.0,3.13,1,0.31
2023-H2,age_range=(30-40] & product_code=C & service_issue=True,3,26,6.0,1.72,2,0.31
2023-H1,price_issue=True & product_code=C & service_issue=True,3,31,3.0,3.29,1,0.31
2023-H2,age_range=(30-40] & delivery_issue=True & product_code=H,3,31,4.0,3.26,1,0.31
2023-H1,city=Riverside & description_issue=True & price_issue=True & product_code=A,4,13,1.0,3.27,1,0.31
2023-H2,age_range=(20-30] & city=Lakeside,2,34,7.0,2.37,2,0.31
2023-H1,age_range=(30-40] & description_issue=True & quality_issue=True,3,20,4.0,1.84,2,0.31
2023-H2,age_range=(30-40] & price_issue=True & product_code=D,3,32,4.0,3.24,1,0.31
2023-H2,age_range=(30-40] & description_issue=True & product_code=H,3,33,4.0,3.26,1,0.31
2023-H2,city=Greenfield & service_issue=True,2,19,3.0,2.83,2,0.31
2023-H2,age_range=(30-40] & city=Springfield & product_code=A,3,15,4.0,2.03,2,0.31
2023-H2,age_range=(20-30] & description_issue=True & quality_issue=True,3,13,3.0,2.12,2,0.31
2023-H1,age_range=(30-40] & delivery_issue=True & service_issue=True,3,23,6.0,1.81,2,0.31
2023-H1,description_issue=True & service_issue=True,2,54,11.0,2.11,2,0.31
2023-H1,city=Rivertown & delivery_issue=True,2,22,4.0,2.74,2,0.31
2023-H2,age_range=(30-40] & product_code=H & service_issue=True,3,30,4.0,3.26,1,0.31
2023-H1,city=Brookside & delivery_issue=True,2,19,3.0,2.84,2,0.31
2023-H2,age_range=(30-40] & delivery_issue=True & price_issue=True & product_code=G,4,13,2.0,3.2,1,0.31
2023-H2,age_range=(50-60] & city=Hilltop & price_issue=True & product_code=H,4,12,1.0,3.31,1,0.31
2023-H1,age_range=(50-60] & city=Springfield & product_code=G,3,26,2.0,3.32,1,0.3
2023-H2,age_range=(20-30] & product_code=A & quality_issue=True,3,11,2.0,2.23,2,0.3
2023-H2,age_range=(30-40] & product_code=D & quality_issue=True,3,28,4.0,3.23,1,0.3
2023-H1,age_range=(30-40] & city=Greenfield & description_issue=True,3,11,2.0,2.23,2,0.3
2023-H2,price_issue=True & product_code=E & quality_issue=True,3,15,3.0,2.01,2,0.3
2023-H2,delivery_issue=True & service_issue=True,2,68,15.0,1.96,2,0.3
2023-H1,delivery_issue=True & product_code=G & service_issue=True,3,32,4.0,3.19,1,0.3
2023-H2,age_range=(30-40] & price_issue=True & service_issue=True,3,29,7.0,1.61,2,0.3
2023-H1,product_code=A & quality_issue=True,2,39,7.0,2.26,2,0.3
2023-H2,age_range=(20-30] & product_code=G,2,33,8.0,2.34,2,0.3
2023-H2,age_range=(40-50] & price_issue=True,2,81,20.0,1.88,2,0.3
2023-H1,description_issue=True & product_code=A,2,36,7.0,2.27,2,0.3
2023-H2,product_code=C & quality_issue=True,2,32,6.0,2.34,2,0.3
2023-H2,age_range=(30-40] & city=Greenfield & description_issue=True,3,11,2.0,2.23,2,0.3
2023-H1,city=Springfield & delivery_issue=True & product_code=G,3,27,2.0,3.31,1,0.3
2023-H1,city=Springfield & description_issue=True,2,19,3.0,2.74,2,0.3
2023-H1,city=Lakeside & product_code=B & quality_issue=True,3,17,3.0,1.87,2,0.3
2023-H1,age_range=(20-30] & product_code=A & quality_issue=True,3,11,2.0,2.23,2,0.3
2023-H1,age_range=(40-50] & city=Springfield & price_issue=True & product_code=A,4,11,1.0,3.28,1,0.3
2023-H1,age_range=(50-60] & city=Springfield & product_code=G & quality_issue=True,4,11,1.0,3.32,1,0.3
2023-H1,age_range=(20-30] & city=Lakeside & quality_issue=True,3,12,2.0,2.12,2,0.3
2023-H2,age_range=(30-40] & city=Lakeside & price_issue=True & product_code=A,4,12,1.0,3.26,1,0.3
2023-H1,age_range=(30-40] & city=Brookside & product_code=B & quality_issue=True,4,11,1.0,3.32,1,0.3
2023-H2,age_range=(30-40] & city=Meadowville & delivery_issue=True & price_issue=True,4,11,1.0,3.32,1,0.3
2023-H2,age_range=(20-30] & city=Springfield & product_code=C,3,29,3.0,3.25,1,0.3
2023-H1,age_range=(50-60] & service_issue=True,2,34,7.0,2.26,2,0.29
2023-H2,delivery_issue=True & product_code=H & quality_issue=True,3,26,3.0,3.26,1,0.29
2023-H1,age_range=(40-50] & description_issue=True & price_issue=True,3,14,3.0,1.94,2,0.29
2023-H1,age_range=(50-60] & product_code=G & service_issue=True,3,24,2.0,3.32,1,0.29
2023-H2,age_range=(40-50] & delivery_issue=True & quality_issue=True,3,13,3.0,2.01,2,0.29
2023-H1,age_range=(50-60] & city=Springfield & service_issue=True,3,24,2.0,3.32,1,0.29
2023-H1,age_range=(40-50] & delivery_issue=True & product_code=C,3,30,4.0,3.11,1,0.29
2023-H1,age_range=(30-40] & price_issue=True & product_code=F,3,28,4.0,3.13,1,0.29
2023-H1,age_range=(30-40] & product_code=A & quality_issue=True,3,17,4.0,1.84,2,0.29
2023-H1,city=Riverside & price_issue=True & product_code=A,3,25,3.0,3.26,1,0.29
2023-H2,age_range=(30-40] & city=Lakeside & delivery_issue=True,3,26,3.0,3.23,1,0.29
2023-H1,age_range=(40-50] & price_issue=True & product_code=A,3,27,4.0,3.2,1,0.29
2023-H1,age_range=(30-40] & delivery_issue=True & product_code=G,3,20,6.0,1.76,2,0.29
2023-H1,age_range=(40-50] & city=Riverside,2,22,4.0,2.51,2,0.29
2023-H1,age_range=(20-30] & city=Springfield & price_issue=True & product_code=A,4,11,1.0,3.18,1,0.29
2023-H2,price_issue=True & service_issue=True,2,66,15.0,1.9,2,0.29
2023-H2,product_code=A & quality_issue=True,2,38,7.0,2.19,2,0.29
2023-H1,price_issue=True & product_code=F & quality_issue=True,3,26,3.0,3.23,1,0.29
2021-H2,city=Lakeside & service_issue=True,2,33,10.0,1.51,3,0.29
2023-H2,age_range=(30-40] & product_code=H & quality_issue=True & service_issue=True,4,11,1.0,3.24,1,0.29
2023-H1,age_range=(40-50] & city=Mountainview & product_code=C,3,24,3.0,3.16,1,0.28
2023-H1,city=Riverside & description_issue=True & price_issue=True,3,23,3.0,3.17,1,0.28
2023-H1,age_range=(30-40] & product_code=B & service_issue=True,3,25,3.0,3.18,1,0.28
2023-H1,city=Mountainview & description_issue=True & product_code=C,3,24,3.0,3.21,1,0.28
2023-H2,city=Riverside & delivery_issue=True,2,24,4.0,2.39,2,0.28
2023-H1,city=Springfield & delivery_issue=True & service_issue=True,3,22,2.0,3.23,1,0.28
2023-H2,city=Lakeside & product_code=B,2,26,4.0,2.34,2,0.28
2023-H2,age_range=(40-50] & price_issue=True & product_code=D,3,23,3.0,3.21,1,0.28
2023-H2,age_range=(20-30] & city=Hilltop & quality_issue=True,3,21,2.0,3.28,1,0.28
2023-H1,age_range=(40-50] & city=Mountainview & description_issue=True,3,22,2.0,3.23,1,0.28
2023-H1,age_range=(40-50] & delivery_issue=True & product_code=D,3,15,4.0,1.85,2,0.28
2023-H1,age_range=(20-30] & city=Springfield,2,39,8.0,2.12,2,0.28
2023-H1,age_range=(30-40] & description_issue=True & price_issue=True & product_code=G,4,12,2.0,3.04,1,0.28
2023-H1,age_range=(20-30] & delivery_issue=True & product_code=B,3,21,2.0,3.29,1,0.28
2023-H2,age_range=(30-40] & product_code=C,2,55,12.0,1.94,2,0.28
2023-H1,age_range=(20-30] & city=Brookside,2,18,3.0,2.63,2,0.28
2023-H2,age_range=(40-50] & price_issue=True & quality_issue=True,3,16,4.0,1.84,2,0.28
2023-H2,age_range=(50-60] & price_issue=True,2,24,4.0,2.39,2,0.28
2023-H1,age_range=(50-60] & delivery_issue=True & product_code=G,3,21,2.0,3.31,1,0.28
2023-H1,age_range=(50-60] & delivery_issue=True & service_issue=True,3,23,2.0,3.21,1,0.28
2022-H2,city=Rivertown & product_code=B & quality_issue=True,3,16,5.0,1.79,2,0.28
2023-H1,delivery_issue=True & product_code=B & quality_issue=True,3,21,2.0,3.27,1,0.28
2023-H1,city=Greenfield & description_issue=True,2,20,3.0,2.51,2,0.28
2023-H2,age_range=(20-30] & delivery_issue=True & product_code=C,3,25,3.0,3.2,1,0.28
2023-H2,age_range=(40-50] & description_issue=True & product_code=E,3,12,3.0,2.03,2,0.28
2023-H1,age_range=(20-30] & product_code=E,2,23,7.0,1.62,3,0.28
2023-H1,age_range=(50-60] & city=Springfield & delivery_issue=True,3,20,2.0,3.3,1,0.27
2023-H2,city=Lakeside & product_code=C,2,27,8.0,1.47,3,0.27
2023-H2,city=Hilltop & product_code=D & service_issue=True,3,20,2.0,3.28,1,0.27
2023-H2,city=Springfield & delivery_issue=True & product_code=C,3,19,2.0,3.31,1,0.27
2023-H2,city=Hilltop & product_code=G & quality_issue=True,3,19,2.0,3.24,1,0.27
2023-H2,age_range=(50-60] & service_issue=True,2,32,7.0,2.09,2,0.27
2023-H2,age_range=(30-40] & city=Lakeside & product_code=A,3,20,2.0,3.25,1,0.27
2023-H2,age_range=(50-60] & description_issue=True,2,22,4.0,2.37,2,0.27
2022-H2,age_range=(30-40] & city=Quartz City & delivery_issue=True,3,18,2.0,3.31,1,0.27
2022-H2,age_range=(30-40] & price_issue=True & product_code=A,3,20,10.0,0.8,4,0.27
2023-H1,age_range=(40-50] & city=Mountainview & delivery_issue=True,3,22,3.0,3.19,1,0.27
2022-H2,city=Quartz City & delivery_issue=True & product_code=A,3,19,2.0,3.32,1,0.27
2023-H1,age_range=(40-50] & product_code=C & service_issue=True,3,17,6.0,1.16,3,0.27
2023-H1,age_range=(30-40] & description_issue=True & product_code=F,3,26,4.0,2.99,1,0.27
2023-H1,price_issue=True & product_code=B & service_issue=True,3,19,2.0,3.29,1,0.27
2023-H2,description_issue=True & product_code=A,2,34,7.0,2.11,2,0.27
2023-H1,age_range=(30-40] & city=Riverside,2,29,6.0,2.19,2,0.27
2023-H1,age_range=(30-40] & city=Springfield & product_code=A,3,14,4.0,1.84,2,0.27
2023-H2,description_issue=True & price_issue=True & product_code=A,3,16,4.0,1.76,2,0.27
2023-H1,age_range=(20-30] & description_issue=True & service_issue=True,3,11,2.0,1.98,2,0.27
2023-H2,price_issue=True & product_code=H & service_issue=True,3,20,2.0,3.28,1,0.27
2023-H1,city=Mountainview & delivery_issue=True & product_code=C,3,23,3.0,3.12,1,0.27
2023-H1,age_range=(20-30] & price_issue=True & product_code=F,3,22,3.0,3.12,1,0.27
2023-H1,age_range=(20-30] & city=Riverside & price_issue=True,3,20,2.0,3.21,1,0.27
2023-H2,city=Hilltop & price_issue=True & product_code=D,3,20,2.0,3.28,1,0.27
2022-H2,age_range=(30-40] & city=Quartz City & product_code=A,3,19,2.0,3.31,1,0.27
2023-H1,age_range=(30-40] & city=Seaside,2,23,5.0,2.33,2,0.27
2023-H2,age_range=(20-30] & product_code=G & quality_issue=True,3,25,4.0,3.05,1,0.27
2023-H2,city=Springfield & delivery_issue=True,2,38,7.0,2.03,2,0.27
2023-H2,age_range=(30-40] & city=Riverside,2,29,6.0,2.19,2,0.27
2023-H1,age_range=(20-30] & delivery_issue=True & product_code=F,3,19,2.0,3.24,1,0.27
2023-H2,age_range=(50-60] & city=Hilltop & product_code=H,3,19,2.0,3.31,1,0.27
2023-H2,age_range=(20-30] & city=Hilltop & product_code=G,3,20,2.0,3.3,1,0.27
2023-H1,quality_issue=True & service_issue=True,2,53,13.0,1.87,2,0.27
2023-H1,city=Riverside & description_issue=True & product_code=A,3,19,2.0,3.3,1,0.27
2023-H2,age_range=(30-40] & city=Hilltop & product_code=D,3,21,3.0,3.25,1,0.27
2022-H2,city=Quartz City & delivery_issue=True & price_issue=True,3,16,1.0,3.32,1,0.26
2023-H1,product_code=B & quality_issue=True & service_issue=True,3,19,2.0,3.19,1,0.26
2023-H2,age_range=(30-40] & price_issue=True & product_code=H,3,18,2.0,3.23,1,0.26
2023-H1,city=Mountainview & delivery_issue=True & description_issue=True,3,19,2.0,3.2,1,0.26
2023-H1,delivery_issue=True & product_code=F & service_issue=True,3,19,2.0,3.23,1,0.26
2023-H2,age_range=(50-60] & city=Hilltop & service_issue=True,3,17,2.0,3.26,1,0.26
2023-H1,age_range=(30-40] & city=Mountainview,2,19,4.0,2.37,2,0.26
2022-H2,city=Quartz City & price_issue=True & product_code=A,3,17,2.0,3.31,1,0.26
2023-H2,age_range=(50-60] & product_code=H & quality_issue=True,3,16,1.0,3.32,1,0.26
2023-H1,city=Forestville & price_issue=True & product_code=C,3,16,1.0,3.32,1,0.26
2023-H1,city=Forestville & price_issue=True & service_issue=True,3,17,2.0,3.31,1,0.26
2023-H1,city=Forestville & product_code=C & service_issue=True,3,16,1.0,3.31,1,0.26
2023-H1,age_range=(20-30] & city=Rivertown & product_code=B & quality_issue=True,4,11,2.0,2.84,1,0.26
2023-H2,age_range=(30-40] & city=Lakeside & service_issue=True,3,22,3.0,2.99,1,0.26
2022-H2,age_range=(30-40] & city=Quartz City & price_issue=True,3,16,1.0,3.31,1,0.26
2023-H2,age_range=(30-40] & city=Lakeside & product_code=D,3,17,2.0,3.29,1,0.26
2023-H1,age_range=(20-30] & city=Riverside & product_code=A,3,17,2.0,3.31,1,0.26
2023-H1,age_range=(20-30] & city=Riverside & description_issue=True,3,18,2.0,3.27,1,0.26
2023-H2,age_range=(30-40] & product_code=D & service_issue=True,3,20,3.0,3.16,1,0.26
2023-H1,age_range=(30-40] & city=Forestville & price_issue=True,3,17,2.0,3.29,1,0.26
2023-H1,age_range=(30-40] & city=Forestville & product_code=C,3,16,1.0,3.31,1,0.26
2023-H2,description_issue=True & price_issue=True & product_code=H,3,17,2.0,3.29,1,0.26
2023-H2,description_issue=True & product_code=C,2,46,10.0,1.82,2,0.26
2023-H1,product_code=C & quality_issue=True,2,29,6.0,2.06,2,0.26
2023-H2,delivery_issue=True & product_code=G,2,35,11.0,1.33,3,0.26
2023-H2,age_range=(20-30] & product_code=A & service_issue=True,3,20,2.0,3.11,1,0.26
2023-H2,city=Lakeside & price_issue=True & product_code=A,3,18,2.0,3.19,1,0.26
2023-H2,age_range=(40-50] & product_code=C,2,35,12.0,1.34,3,0.26
2023-H1,age_range=(40-50] & price_issue=True & product_code=F,3,19,3.0,3.17,1,0.26
2023-H1,age_range=(40-50] & description_issue=True & product_code=F,3,17,2.0,3.26,1,0.26
2023-H2,city=Hilltop & product_code=H & service_issue=True,3,18,2.0,3.27,1,0.26
2023-H2,delivery_issue=True & description_issue=True & product_code=C,3,17,4.0,1.61,2,0.25
2020-H2,city=Opal City & product_code=E & service_issue=True,3,15,1.0,3.29,1,0.25
2023-H2,age_range=(30-40] & city=Meadowville & price_issue=True,3,15,2.0,3.29,1,0.25
2023-H1,city=Lakeside & product_code=B,2,24,4.0,2.12,2,0.25
2023-H1,description_issue=True & price_issue=True & product_code=F,3,16,2.0,3.25,1,0.25
2023-H1,city=Riverside & quality_issue=True,2,20,4.0,2.29,2,0.25
2023-H2,price_issue=True & product_code=D & quality_issue=True,3,19,3.0,3.04,1,0.25
2023-H1,age_range=(30-40] & city=Forestville & service_issue=True,3,17,2.0,3.21,1,0.25
2023-H1,product_code=G & quality_issue=True & service_issue=True,3,17,2.0,3.14,1,0.25
2020-H2,age_range=(20-30] & city=Opal City & service_issue=True,3,15,1.0,3.29,1,0.25
2023-H1,age_range=(30-40] & delivery_issue=True & quality_issue=True,3,27,7.0,1.39,2,0.25
2023-H1,age_range=(40-50] & product_code=E,2,23,9.0,1.09,4,0.25
2020-H2,age_range=(20-30] & city=Opal City & product_code=E,3,15,1.0,3.29,1,0.25
2023-H2,product_code=H & quality_issue=True & service_issue=True,3,19,2.0,3.1,1,0.25
2023-H2,age_range=(50-60] & city=Hilltop & price_issue=True,3,15,2.0,3.25,1,0.25
2023-H2,age_range=(40-50] & product_code=D & service_issue=True,3,17,2.0,3.17,1,0.25
2023-H1,age_range=(20-30] & delivery_issue=True & description_issue=True,3,11,3.0,1.85,2,0.25
2023-H2,age_range=(40-50] & product_code=H & quality_issue=True,3,16,2.0,3.19,1,0.25
2023-H2,age_range=(40-50] & product_code=H & service_issue=True,3,16,2.0,3.22,1,0.25
2020-H2,age_range=(40-50] & city=Meadowville,2,15,3.0,2.44,2,0.25
2023-H2,city=Lakeside & product_code=H & quality_issue=True,3,15,2.0,3.26,1,0.25
2023-H2,delivery_issue=True & product_code=H,2,66,8.0,3.28,1,0.25
2023-H2,age_range=(30-40] & city=Greenfield & product_code=H,3,15,1.0,3.32,1,0.25
2023-H1,age_range=(30-40] & description_issue=True & product_code=G,3,21,3.0,3.02,1,0.25
2023-H2,age_range=(30-40] & city=Springfield,2,25,8.0,1.42,3,0.25
2023-H1,age_range=(30-40] & product_code=C & quality_issue=True,3,12,3.0,1.8,2,0.25
2023-H2,age_range=(30-40] & city=Hilltop & delivery_issue=True,3,17,2.0,3.11,1,0.25
2023-H2,age_range=(30-40] & description_issue=True & product_code=D,3,17,2.0,3.2,1,0.25
2023-H1,delivery_issue=True & product_code=A,2,25,8.0,1.39,3,0.25
2023-H2,city=Hilltop & price_issue=True & product_code=H,3,15,1.0,3.31,1,0.25
2023-H1,delivery_issue=True & product_code=E,2,29,10.0,1.37,3,0.25
2023-H1,age_range=(30-40] & product_code=F & quality_issue=True,3,19,3.0,3.11,1,0.25
2023-H1,city=Seaside & description_issue=True,2,16,3.0,2.41,2,0.25
2023-H2,city=Mountainview & price_issue=True,2,15,3.0,2.51,2,0.25
2023-H2,age_range=(30-40] & city=Lakeside & description_issue=True,3,19,3.0,3.08,1,0.25
2023-H2,delivery_issue=True & description_issue=True,2,54,14.0,1.68,2,0.25
2023-H1,age_range=(40-50] & price_issue=True & service_issue=True,3,14,4.0,1.69,2,0.25
2023-H2,city=Riverside & service_issue=True,2,20,5.0,2.12,2,0.24
2023-H2,age_range=(30-40] & city=Hilltop & service_issue=True,3,16,2.0,3.16,1,0.24
2023-H2,city=Mountainview & service_issue=True,2,15,3.0,2.37,2,0.24
2023-H2,age_range=(30-40] & city=Lakeside & product_code=B,3,17,2.0,2.98,1,0.24
2023-H2,city=Hilltop & price_issue=True & service_issue=True,3,13,1.0,3.27,1,0.24
2023-H1,age_range=(20-30] & city=Lakeside,2,29,7.0,1.93,2,0.24
2023-H2,age_range=(50-60] & product_code=H & service_issue=True,3,14,1.0,3.31,1,0.24
2023-H2,product_code=D & quality_issue=True,2,57,7.0,3.25,1,0.24
2020-H2,age_range=(40-50] & city=Meadowville & product_code=E,3,15,2.0,3.22,1,0.24
2023-H2,city=Hilltop & product_code=H & quality_issue=True,3,14,1.0,3.3,1,0.24
2023-H2,delivery_issue=True & product_code=H & service_issue=True,3,13,1.0,3.29,1,0.24
2023-H2,price_issue=True & product_code=H,2,55,6.0,3.27,1,0.24
2023-H2,city=Lakeside & description_issue=True & product_code=A,3,13,1.0,3.27,1,0.24
2023-H2,age_range=(50-60] & price_issue=True & product_code=H,3,14,1.0,3.28,1,0.24
2023-H2,age_range=(20-30] & product_code=A,2,41,10.0,1.75,2,0.24
2021-H2,age_range=(40-50] & city=Lakeside & service_issue=True,3,19,3.0,2.9,1,0.24
2023-H1,age_range=(20-30] & product_code=B,2,60,8.0,3.23,1,0.24
2023-H2,delivery_issue=True & price_issue=True & product_code=H,3,16,2.0,3.16,1,0.24
2023-H2,city=Hilltop & delivery_issue=True & product_code=H,3,13,1.0,3.27,1,0.24
2023-H1,age_range=(20-30] & city=Rivertown & price_issue=True,3,14,1.0,3.24,1,0.24
2023-H1,city=Springfield & delivery_issue=True & quality_issue=True,3,20,2.0,2.94,1,0.24
2023-H1,age_range=(50-60] & product_code=G & quality_issue=True,3,13,1.0,3.31,1,0.24
2023-H1,age_range=(20-30] & product_code=B & service_issue=True,3,14,1.0,3.3,1,0.24
2023-H1,description_issue=True & product_code=C & service_issue=True,3,11,3.0,1.76,2,0.24
2023-H1,age_range=(40-50] & description_issue=True & product_code=E,3,11,3.0,1.8,2,0.24
2023-H1,age_range=(20-30] & price_issue=True & quality_issue=True,3,16,2.0,3.15,1,0.24
2023-H2,age_range=(40-50] & city=Hilltop & price_issue=True,3,13,1.0,3.29,1,0.24
2023-H1,age_range=(20-30] & price_issue=True & service_issue=True,3,18,3.0,3.0,1,0.24
2023-H1,age_range=(30-40] & price_issue=True & product_code=B,3,16,2.0,3.09,1,0.24
2023-H1,age_range=(30-40] & city=Brookside & product_code=B,3,13,1.0,3.31,1,0.24
2023-H1,age_range=(20-30] & price_issue=True & product_code=B,3,14,1.0,3.3,1,0.24
2023-H1,city=Springfield & quality_issue=True & service_issue=True,3,14,2.0,3.18,1,0.24
2023-H1,age_range=(30-40] & city=Brookside & service_issue=True,3,14,2.0,3.18,1,0.24
2023-H1,price_issue=True & product_code=E,2,33,8.0,1.9,2,0.24
2023-H2,age_range=(40-50] & delivery_issue=True & product_code=H,3,16,2.0,3.09,1,0.24
2023-H1,city=Rivertown & price_issue=True & product_code=A,3,14,2.0,3.25,1,0.24
2023-H2,age_range=(30-40] & product_code=A & service_issue=True,3,21,3.0,2.86,1,0.24
2023-H1,age_range=(40-50] & description_issue=True & product_code=B,3,14,2.0,3.18,1,0.24
2023-H1,age_range=(30-40] & price_issue=True & product_code=E,3,11,3.0,1.78,2,0.24
2023-H1,age_range=(40-50] & delivery_issue=True & price_issue=True,3,13,3.0,1.67,2,0.24
2023-H2,age_range=(40-50] & product_code=E & quality_issue=True,3,19,3.0,2.88,1,0.24
2023-H1,city=Riverside & service_issue=True,2,20,5.0,2.12,2,0.24
2023-H1,age_range=(20-30] & city=Springfield & product_code=A,3,17,2.0,3.02,1,0.24
2023-H1,age_range=(40-50] & city=Springfield & product_code=A,3,14,2.0,3.23,1,0.24
2023-H1,city=Seaside & price_issue=True,2,16,3.0,2.37,2,0.24
2023-H1,age_range=(40-50] & city=Springfield & price_issue=True,3,13,1.0,3.29,1,0.24
2023-H1,city=Seaside & service_issue=True,2,18,4.0,2.28,2,0.24
2022-H2,age_range=(30-40] & description_issue=True & product_code=E,3,11,4.0,1.15,3,0.23
2023-H2,age_range=(20-30] & price_issue=True & product_code=H,3,12,1.0,3.26,1,0.23
2023-H2,city=Meadowville & delivery_issue=True & price_issue=True,3,11,1.0,3.32,1,0.23
2023-H2,description_issue=True & product_code=H & quality_issue=True,3,14,2.0,3.06,1,0.23
2023-H1,age_range=(30-40] & delivery_issue=True & product_code=F,3,18,3.0,2.85,1,0.23
2023-H2,age_range=(40-50] & description_issue=True,2,58,16.0,1.56,2,0.23
2023-H1,age_range=(40-50] & product_code=B & service_issue=True,3,14,2.0,3.06,1,0.23
2023-H2,age_range=(30-40] & city=Meadowville & delivery_issue=True,3,13,1.0,3.22,1,0.23
2023-H2,delivery_issue=True & product_code=D & quality_issue=True,3,12,1.0,3.28,1,0.23
2023-H1,age_range=(40-50] & product_code=G & quality_issue=True,3,13,2.0,3.22,1,0.23
2023-H1,age_range=(40-50] & product_code=F & quality_issue=True,3,15,2.0,3.07,1,0.23
2022-H2,delivery_issue=True & product_code=A,2,24,8.0,1.3,3,0.23
2023-H1,age_range=(30-40] & description_issue=True & product_code=B,3,15,2.0,2.98,1,0.23
2023-H1,age_range=(40-50] & price_issue=True & product_code=B,3,15,2.0,3.1,1,0.23
2023-H1,age_range=(40-50] & city=Rivertown & product_code=A,3,12,1.0,3.26,1,0.23
2023-H2,age_range=(40-50] & product_code=H,2,46,7.0,3.24,1,0.23
2023-H1,age_range=(40-50] & delivery_issue=True & product_code=G,3,13,2.0,3.22,1,0.23
2023-H2,city=Lakeside & delivery_issue=True & price_issue=True,3,12,1.0,3.26,1,0.23
2023-H2,city=Lakeside & product_code=D & quality_issue=True,3,12,1.0,3.26,1,0.23
2023-H2,age_range=(30-40] & city=Riverside & delivery_issue=True,3,15,2.0,3.06,1,0.23
2023-H2,city=Seaside & quality_issue=True,2,14,4.0,2.36,2,0.23
2023-H1,age_range=(50-60] & city=Springfield & quality_issue=True,3,12,1.0,3.31,1,0.23
2023-H2,city=Lakeside & description_issue=True & price_issue=True,3,13,2.0,3.22,1,0.23
2023-H2,age_range=(40-50] & city=Hilltop & product_code=H,3,12,1.0,3.3,1,0.23
2023-H2,age_range=(30-40] & city=Hell's Kitchen & product_code=A,3,11,1.0,3.32,1,0.23
2023-H2,city=Riverside & quality_issue=True,2,19,4.0,2.14,2,0.23
2023-H2,age_range=(20-30] & product_code=D & quality_issue=True,3,13,2.0,3.22,1,0.23
2023-H1,age_range=(50-60] & price_issue=True,2,21,4.0,2.03,2,0.23
2023-H1,delivery_issue=True & price_issue=True & product_code=G,3,11,3.0,1.73,2,0.23
2023-H1,age_range=(20-30] & product_code=G,2,28,8.0,1.87,2,0.23
2023-H2,city=Greenfield & description_issue=True & product_code=H,3,12,1.0,3.32,1,0.23
2023-H1,delivery_issue=True & price_issue=True & product_code=F,3,16,2.0,2.99,1,0.23
2022-H2,delivery_issue=True & price_issue=True & product_code=A,3,20,4.0,2.77,1,0.23
2023-H1,delivery_issue=True & product_code=G & quality_issue=True,3,15,2.0,2.98,1,0.23
2023-H2,age_range=(20-30] & price_issue=True,2,68,18.0,1.51,2,0.23
2020-H2,age_range=(20-30] & product_code=E & service_issue=True,3,17,2.0,2.95,1,0.23
2023-H1,age_range=(20-30] & price_issue=True & product_code=G,3,13,2.0,3.18,1,0.23
2023-H2,age_range=(40-50] & description_issue=True & product_code=H,3,14,2.0,3.05,1,0.23
2023-H2,age_range=(20-30] & delivery_issue=True & product_code=H,3,13,2.0,3.22,1,0.23
2023-H1,age_range=(20-30] & delivery_issue=True & service_issue=True,3,17,3.0,2.88,1,0.23
2023-H1,age_range=(20-30] & delivery_issue=True & product_code=D,3,13,3.0,1.6,2,0.23
2023-H2,age_range=(20-30] & city=Lakeside & product_code=D,3,12,1.0,3.26,1,0.23
2023-H1,age_range=(20-30] & city=Rivertown & product_code=B,3,15,2.0,3.02,1,0.23
2023-H1,age_range=(20-30] & city=Springfield & price_issue=True,3,17,2.0,2.89,1,0.23
2023-H1,age_range=(20-30] & city=Rivertown & quality_issue=True,3,17,3.0,2.97,1,0.23
2023-H1,delivery_issue=True & description_issue=True & product_code=F,3,13,2.0,3.22,1,0.23
2023-H2,age_range=(30-40] & city=Lakeside & product_code=H,3,13,2.0,3.22,1,0.23
2023-H2,city=Hilltop & description_issue=True & product_code=D,3,13,2.0,3.18,1,0.23
2023-H1,product_code=E & service_issue=True,2,22,7.0,1.37,3,0.23
2023-H1,delivery_issue=True & description_issue=True & product_code=B,3,13,2.0,3.14,1,0.23
2023-H1,city=Brookside & product_code=B & quality_issue=True,3,11,1.0,3.32,1,0.23
2023-H1,city=Riverside & delivery_issue=True,2,21,4.0,2.02,2,0.23
2023-H1,city=Springfield & product_code=B & quality_issue=True,3,13,2.0,3.16,1,0.23
2021-H2,age_range=(40-50] & city=Lakeside,2,20,7.0,1.36,3,0.23
2020-H2,city=Springfield & product_code=G & quality_issue=True,3,12,2.0,1.66,2,0.23
2023-H1,age_range=(20-30] & delivery_issue=True & quality_issue=True,3,17,2.0,2.82,1,0.22
2023-H1,age_range=(30-40] & delivery_issue=True & price_issue=True,3,19,8.0,0.91,3,0.22
2023-H2,delivery_issue=True & price_issue=True & product_code=D,3,11,1.0,3.3,1,0.22
2023-H2,age_range=(20-30] & city=Hilltop & service_issue=True,3,11,1.0,3.25,1,0.22
2023-H1,age_range=(20-30] & city=Springfield & quality_issue=True,3,17,3.0,2.8,1,0.22
2023-H1,age_range=(20-30] & description_issue=True & product_code=F,3,14,2.0,2.95,1,0.22
2023-H2,age_range=(30-40] & city=Lakeside & product_code=G,3,12,2.0,3.13,1,0.22
2023-H1,age_range=(30-40] & city=Seaside & delivery_issue=True,3,12,2.0,3.08,1,0.22
2023-H2,age_range=(20-30] & price_issue=True & product_code=D,3,12,2.0,3.16,1,0.22
2023-H2,price_issue=True & product_code=D & service_issue=True,3,11,1.0,3.18,1,0.22
2023-H1,age_range=(30-40] & delivery_issue=True & product_code=C,3,12,3.0,1.59,2,0.22
2023-H2,age_range=(30-40] & city=Hilltop & price_issue=True,3,13,2.0,3.08,1,0.22
2023-H1,age_range=(20-30] & city=Hilltop & delivery_issue=True,3,12,1.0,3.2,1,0.22
2023-H1,delivery_issue=True & product_code=D,2,37,12.0,1.1,3,0.22
2023-H2,product_code=A & quality_issue=True & service_issue=True,3,13,2.0,3.08,1,0.22
2023-H2,age_range=(40-50] & city=Hilltop & product_code=D,3,18,3.0,2.76,1,0.22
2023-H2,age_range=(20-30] & description_issue=True & product_code=H,3,11,1.0,3.24,1,0.22
2020-H2,age_range=(20-30] & product_code=F & service_issue=True,3,12,3.0,1.6,2,0.22
2023-H2,age_range=(30-40] & city=Greenfield & service_issue=True,3,11,1.0,3.25,1,0.22
2023-H1,age_range=(30-40] & city=Brookside & quality_issue=True,3,14,2.0,3.03,1,0.22
2023-H2,age_range=(20-30] & quality_issue=True & service_issue=True,3,15,2.0,2.94,1,0.22
2023-H2,age_range=(30-40] & product_code=F & service_issue=True,3,15,5.0,1.43,2,0.22
2023-H2,city=Seaside & service_issue=True,2,17,4.0,2.12,2,0.22
2023-H1,age_range=(30-40] & city=Riverside & price_issue=True,3,15,2.0,2.94,1,0.22
2023-H1,age_range=(40-50] & delivery_issue=True & product_code=B,3,13,2.0,3.08,1,0.22
2023-H2,age_range=(40-50] & city=Seaside,2,13,3.0,2.32,2,0.22
2023-H2,age_range=(40-50] & price_issue=True & product_code=H,3,11,2.0,3.21,1,0.22
2023-H2,city=Brookside & description_issue=True,2,13,3.0,2.31,2,0.22
2023-H2,age_range=(30-40] & city=Mountainview,2,17,4.0,2.06,2,0.22
2023-H2,age_range=(50-60] & product_code=C,2,13,3.0,2.34,2,0.22
2023-H1,age_range=(40-50] & description_issue=True & service_issue=True,3,11,3.0,1.59,2,0.22
2023-H2,city=Hilltop & product_code=D & quality_issue=True,3,11,2.0,3.18,1,0.22
2023-H1,city=Brookside & delivery_issue=True & product_code=F,3,11,1.0,3.2,1,0.22
2023-H2,age_range=(50-60] & city=Hilltop & quality_issue=True,3,11,1.0,3.29,1,0.22
2023-H2,age_range=(50-60] & delivery_issue=True,2,28,6.0,1.83,2,0.22
2023-H1,age_range=(40-50] & product_code=F & service_issue=True,3,12,2.0,3.15,1,0.22
2023-H2,age_range=(50-60] & city=Hilltop & product_code=D,3,13,2.0,3.08,1,0.22
2023-H2,city=Hilltop & price_issue=True,2,42,5.0,3.21,1,0.22
2023-H2,city=Lakeside & delivery_issue=True & quality_issue=True,3,11,1.0,3.2,1,0.22
2023-H1,age_range=(40-50] & delivery_issue=True & product_code=F,3,12,2.0,3.18,1,0.22
2023-H1,age_range=(40-50] & product_code=F,2,45,6.0,3.2,1,0.22
2022-H2,age_range=(30-40] & delivery_issue=True & price_issue=True,3,19,8.0,0.91,3,0.22
2023-H2,city=Riverside & delivery_issue=True & product_code=E,3,11,1.0,3.29,1,0.22
2023-H2,city=Lakeside & product_code=A & quality_issue=True,3,11,1.0,3.29,1,0.22
2023-H1,age_range=(30-40] & delivery_issue=True & product_code=E,3,14,4.0,1.41,2,0.21
2023-H2,age_range=(50-60] & city=Hilltop,2,35,4.0,3.19,1,0.21
2022-H2,age_range=(40-50] & city=Rivertown & quality_issue=True,3,15,3.0,2.75,1,0.21
2023-H2,age_range=(20-30] & product_code=D & service_issue=True,3,15,3.0,2.73,1,0.21
2023-H2,delivery_issue=True & product_code=C & service_issue=True,3,15,3.0,2.77,1,0.21
2023-H2,age_range=(30-40] & city=Seaside,2,20,5.0,1.93,2,0.21
2023-H1,age_range=(40-50] & product_code=A & quality_issue=True,3,11,1.0,3.1,1,0.21
2023-H1,city=Riverside & product_code=A,2,31,3.0,3.26,1,0.21
2023-H1,age_range=(40-50] & product_code=C & quality_issue=True,3,11,2.0,3.05,1,0.21
2023-H1,age_range=(40-50] & city=Rivertown & product_code=B,3,11,3.0,1.55,2,0.21
2023-H2,city=Hilltop & product_code=H,2,34,4.0,3.28,1,0.21
2023-H1,description_issue=True & price_issue=True & product_code=G,3,15,2.0,2.79,1,0.21
2023-H1,age_range=(50-60] & product_code=G,2,33,3.0,3.31,1,0.21
2023-H1,description_issue=True & product_code=B & quality_issue=True,3,12,2.0,3.04,1,0.21
2023-H1,age_range=(40-50] & city=Lakeside & product_code=C,3,12,3.0,1.52,2,0.21
2023-H2,age_range=(30-40] & city=Meadowville & product_code=G,3,11,2.0,3.07,1,0.21
2023-H1,age_range=(50-60] & description_issue=True,2,19,4.0,1.97,2,0.21
2023-H1,age_range=(30-40] & product_code=E & quality_issue=True,3,16,5.0,1.36,2,0.21
2023-H2,city=Lakeside & product_code=D,2,35,4.0,3.24,1,0.21
2023-H1,age_range=(50-60] & city=Springfield,2,28,3.0,3.3,1,0.2
2023-H1,age_range=(20-30] & city=Springfield & delivery_issue=True,3,13,3.0,1.41,2,0.2
2023-H1,age_range=(30-40] & city=Springfield & service_issue=True,3,13,2.0,2.83,1,0.2
2023-H2,age_range=(30-40] & description_issue=True & product_code=A,3,14,2.0,2.7,1,0.2
2023-H1,age_range=(30-40] & city=Rivertown & quality_issue=True,3,14,2.0,2.73,1,0.2
2023-H1,age_range=(30-40] & city=Rivertown & price_issue=True,3,14,2.0,2.71,1,0.2
2023-H1,city=Lakeside & product_code=C,2,23,8.0,1.15,3,0.2
2023-H1,city=Hilltop & product_code=D,2,27,9.0,1.11,3,0.2
2023-H1,age_range=(40-50] & city=Seaside,2,12,3.0,2.1,2,0.2
2023-H2,age_range=(40-50] & description_issue=True & quality_issue=True,3,11,3.0,1.5,2,0.2
2023-H1,description_issue=True & product_code=F & service_issue=True,3,12,2.0,2.91,1,0.2
2023-H2,age_range=(30-40] & product_code=B & quality_issue=True,3,23,7.0,1.16,2,0.2
2023-H1,city=Lakeside & price_issue=True,2,31,8.0,1.58,2,0.2
2023-H1,city=Springfield & product_code=A & quality_issue=True,3,14,2.0,2.74,1,0.2
2023-H2,city=Hilltop & delivery_issue=True & service_issue=True,3,11,1.0,3.0,1,0.2
2023-H1,age_range=(20-30] & product_code=F & quality_issue=True,3,12,2.0,2.84,1,0.2
2023-H2,city=Springfield & delivery_issue=True & product_code=A,3,12,2.0,2.82,1,0.2
2023-H1,age_range=(40-50] & city=Rivertown & price_issue=True,3,11,2.0,2.98,1,0.2
2023-H2,city=Hilltop & description_issue=True,2,31,4.0,3.1,1,0.2
2023-H2,city=Rivertown & service_issue=True,2,21,5.0,1.81,2,0.2
2023-H2,city=Seaside & description_issue=True,2,14,3.0,2.04,2,0.2
2023-H2,city=Seaside & price_issue=True,2,14,3.0,2.0,2,0.2
2023-H2,city=Greenfield & description_issue=True,2,16,3.0,1.92,2,0.2
2023-H1,age_range=(40-50] & city=Hilltop & delivery_issue=True,3,11,3.0,1.44,2,0.2
2023-H2,age_range=(50-60] & product_code=H,2,28,2.0,3.31,1,0.2
2023-H2,delivery_issue=True & product_code=E & service_issue=True,3,12,2.0,2.82,1,0.2
2023-H2,city=Springfield & quality_issue=True,2,25,8.0,1.14,3,0.2
2023-H2,delivery_issue=True & description_issue=True & product_code=D,3,11,1.0,2.99,1,0.2
2023-H2,city=Lakeside & product_code=A,2,29,4.0,3.19,1,0.2
2022-H2,age_range=(40-50] & city=Rivertown,2,17,6.0,1.25,3,0.2
2023-H2,delivery_issue=True & price_issue=True & product_code=C,3,11,2.0,2.75,1,0.19
2023-H1,age_range=(40-50] & product_code=D,2,24,8.0,1.1,3,0.19
2023-H2,age_range=(40-50] & city=Hilltop & service_issue=True,3,11,2.0,2.75,1,0.19
2023-H1,city=Rivertown & product_code=A,2,26,3.0,3.12,1,0.19
2023-H1,delivery_issue=True & description_issue=True & service_issue=True,3,12,2.0,2.71,1,0.19
2023-H2,age_range=(40-50] & product_code=B & quality_issue=True,3,11,4.0,0.93,3,0.19
2023-H2,age_range=(20-30] & description_issue=True & product_code=C,3,14,2.0,2.63,1,0.19
2023-H2,city=Lakeside & product_code=C & service_issue=True,3,17,5.0,1.21,2,0.19
2023-H2,age_range=(50-60] & city=Hilltop & delivery_issue=True,3,11,2.0,2.75,1,0.19
2023-H1,city=Brookside & description_issue=True,2,12,3.0,2.08,2,0.19
2023-H2,description_issue=True & price_issue=True & product_code=E,3,11,2.0,2.73,1,0.19
2023-H1,city=Mountainview & service_issue=True,2,13,3.0,1.98,2,0.19
2023-H2,age_range=(40-50] & city=Riverside,2,17,4.0,1.79,2,0.19
2021-H2,age_range=(40-50] & product_code=C,2,29,12.0,1.0,3,0.19
2023-H1,age_range=(40-50] & price_issue=True & product_code=E,3,11,3.0,1.39,2,0.19
2023-H1,age_range=(40-50] & price_issue=True & product_code=G,3,14,2.0,2.6,1,0.19
2023-H1,product_code=E & quality_issue=True,2,34,10.0,1.5,2,0.19
2023-H2,age_range=(50-60] & product_code=D,2,24,3.0,3.09,1,0.18
2023-H2,city=Lakeside & product_code=H,2,21,2.0,3.24,1,0.18
2023-H1,age_range=(30-40] & city=Rivertown & service_issue=True,3,11,2.0,2.62,1,0.18
2023-H1,age_range=(30-40] & city=Springfield & quality_issue=True,3,15,3.0,2.4,1,0.18
2023-H2,city=Hilltop & product_code=G,2,21,2.0,3.14,1,0.18
2020-H2,product_code=E & service_issue=True,2,19,7.0,1.1,3,0.18
2023-H1,city=Riverside & product_code=B,2,20,2.0,3.25,1,0.18
2023-H2,delivery_issue=True & description_issue=True & price_issue=True,3,11,2.0,2.71,1,0.18
2023-H1,age_range=(50-60] & quality_issue=True,2,19,5.0,1.65,2,0.18
2022-H2,age_range=(30-40] & city=Quartz City,2,19,2.0,3.31,1,0.18
2023-H2,city=Meadowville & price_issue=True,2,20,2.0,3.21,1,0.18
2023-H1,age_range=(40-50] & city=Springfield,2,23,3.0,3.12,1,0.18
2023-H2,age_range=(40-50] & delivery_issue=True & product_code=E,3,13,3.0,2.44,1,0.18
2022-H2,description_issue=True & product_code=E,2,22,10.0,0.8,4,0.18
2023-H2,age_range=(20-30] & price_issue=True & product_code=C,3,12,2.0,2.57,1,0.18
2023-H2,age_range=(20-30] & product_code=H & quality_issue=True,3,11,2.0,2.71,1,0.18
2023-H2,age_range=(30-40] & product_code=B,2,38,14.0,0.92,3,0.18
2023-H2,age_range=(20-30] & description_issue=True & product_code=A,3,12,3.0,1.31,2,0.18
2022-H2,city=Quartz City & delivery_issue=True,2,19,2.0,3.31,1,0.18
2020-H2,age_range=(20-30] & product_code=E,2,18,7.0,1.12,3,0.18
2023-H1,city=Mountainview & price_issue=True,2,12,3.0,1.88,2,0.18
2022-H2,city=Quartz City & product_code=A,2,20,2.0,3.31,1,0.18
2023-H2,age_range=(40-50] & city=Lakeside & quality_issue=True,3,12,2.0,2.46,1,0.17
2020-H2,age_range=(20-30] & city=Opal City,2,15,1.0,3.29,1,0.17
2023-H1,city=Greenfield & price_issue=True,2,18,2.0,3.11,1,0.17
2023-H2,city=Springfield & product_code=A,2,27,8.0,1.41,2,0.17
2023-H1,age_range=(30-40] & city=Springfield & price_issue=True,3,14,4.0,2.29,1,0.17
2023-H2,age_range=(20-30] & city=Brookside,2,13,3.0,1.76,2,0.17
2023-H2,age_range=(30-40] & city=Meadowville,2,22,4.0,3.05,1,0.17
2023-H1,city=Springfield & product_code=B,2,17,2.0,3.17,1,0.17
2023-H2,product_code=F & service_issue=True,2,25,10.0,0.94,3,0.17
2023-H2,city=Greenfield & product_code=H,2,17,1.0,3.32,1,0.17
2023-H2,city=Hilltown & product_code=D,2,15,2.0,3.28,1,0.17
2023-H1,city=Forestville & service_issue=True,2,19,2.0,3.14,1,0.17
2023-H1,city=Forestville & product_code=C,2,16,1.0,3.31,1,0.17
2023-H1,city=Forestville & price_issue=True,2,19,3.0,3.13,1,0.17
2023-H1,city=Brookside & product_code=B,2,15,2.0,3.3,1,0.17
2023-H2,city=Riverside & product_code=E,2,17,2.0,3.31,1,0.17
2023-H1,age_range=(30-40] & city=Greenfield,2,20,5.0,1.55,2,0.17
2023-H1,age_range=(30-40] & city=Riverside & description_issue=True,3,11,2.0,2.47,1,0.17
2023-H1,age_range=(30-40] & city=Forestville,2,22,3.0,3.03,1,0.17
2020-H2,city=Meadowville & product_code=E,2,18,3.0,3.11,1,0.17
2020-H2,city=Opal City & product_code=E,2,15,1.0,3.29,1,0.17
2021-H2,age_range=(50-60] & product_code=C,2,11,3.0,1.88,2,0.17
2020-H2,city=Opal City & service_issue=True,2,15,1.0,3.29,1,0.17
2020-H2,age_range=(40-50] & product_code=E,2,19,9.0,0.77,4,0.17
2023-H2,price_issue=True & product_code=C,2,28,8.0,1.37,2,0.17
2022-H2,city=Quartz City & price_issue=True,2,17,2.0,3.31,1,0.17
2023-H2,city=Brookside & product_code=D,2,14,2.0,3.23,1,0.16
2023-H1,city=Lakeside & product_code=F,2,14,2.0,3.2,1,0.16
2023-H1,city=Lakeside & service_issue=True,2,24,10.0,0.92,3,0.16
2023-H1,city=Seaside & product_code=B,2,13,1.0,3.24,1,0.16
2023-H2,price_issue=True & product_code=G & service_issue=True,3,11,2.0,2.34,1,0.16
2023-H2,age_range=(30-40] & city=Rivertown,2,22,6.0,1.42,2,0.16
2023-H1,city=Greenfield & product_code=F,2,14,1.0,3.3,1,0.16
2023-H2,city=Hilltop & product_code=E,2,18,3.0,2.94,1,0.16
2021-H2,product_code=C & service_issue=True,2,40,18.0,0.77,3,0.16
2023-H2,city=Meadowville & delivery_issue=True,2,17,2.0,3.09,1,0.16
2022-H2,city=Rivertown & product_code=B,2,21,7.0,1.42,2,0.16
2023-H2,age_range=(30-40] & city=Brookside,2,17,4.0,1.5,2,0.16
2023-H2,age_range=(20-30] & city=Hilltown,2,16,2.0,3.02,1,0.16
2023-H2,city=Riverside & product_code=H,2,15,2.0,3.07,1,0.16
2023-H1,description_issue=True & product_code=A & quality_issue=True,3,11,2.0,2.36,1,0.16
2023-H2,city=Rivertown & quality_issue=True,2,19,8.0,0.97,3,0.16
2023-H2,city=Seaside & product_code=H,2,14,2.0,3.25,1,0.16
2023-H2,age_range=(30-40] & city=Hell's Kitchen,2,11,1.0,3.3,1,0.15
2023-H2,age_range=(30-40] & city=Mountainville,2,12,2.0,3.2,1,0.15
2023-H1,city=Valleyview & price_issue=True,2,13,2.0,3.17,1,0.15
2023-H1,city=Valleyview & product_code=E,2,13,2.0,3.06,1,0.15
2023-H2,age_range=(30-40] & product_code=G & quality_issue=True,3,11,5.0,1.07,2,0.15
2023-H2,age_range=(30-40] & product_code=F,2,29,13.0,0.79,3,0.15
2023-H1,age_range=(30-40] & delivery_issue=True & product_code=A,3,11,5.0,0.76,3,0.15
2023-H1,city=Seaside & quality_issue=True,2,11,4.0,1.69,2,0.15
2023-H1,city=Seaside & product_code=G,2,13,2.0,3.02,1,0.15
2023-H2,product_code=G & service_issue=True,2,34,12.0,1.15,2,0.15
2023-H1,city=Rivertown & product_code=F,2,17,2.0,2.81,1,0.15
2023-H1,age_range=(40-50] & city=Hilltop,2,21,6.0,1.37,2,0.15
2023-H2,city=Rivertown & product_code=H,2,11,1.0,3.21,1,0.15
2023-H2,city=Greenfield & delivery_issue=True,2,15,2.0,2.98,1,0.15
2023-H2,city=Hell's Kitchen & product_code=A,2,11,1.0,3.32,1,0.15
2023-H2,city=Hilltown & delivery_issue=True,2,16,2.0,2.86,1,0.15
2023-H1,age_range=(40-50] & city=Meadowville,2,11,3.0,1.62,2,0.15
2023-H1,city=Brookside & product_code=G,2,12,1.0,3.21,1,0.15
2023-H1,city=Brookside & product_code=F,2,15,2.0,3.06,1,0.15
2023-H1,city=Rivertown & description_issue=True,2,17,3.0,2.82,1,0.15
2023-H1,age_range=(20-30] & city=Greenfield,2,15,2.0,3.05,1,0.15
2023-H1,age_range=(50-60] & product_code=F,2,13,2.0,3.15,1,0.15
2023-H2,city=Rivertown & delivery_issue=True,2,14,4.0,1.54,2,0.15
2023-H1,age_range=(20-30] & product_code=C,2,30,10.0,1.1,2,0.14
2023-H1,city=Valleyview & delivery_issue=True,2,11,2.0,3.07,1,0.14
2023-H1,age_range=(40-50] & city=Valleyview,2,11,2.0,3.11,1,0.14
2023-H1,age_range=(20-30] & product_code=C & service_issue=True,3,12,4.0,0.98,2,0.14
2023-H1,age_range=(30-40] & city=Hilltown,2,15,2.0,2.7,1,0.14
2023-H1,city=Lakeside & quality_issue=True,2,34,10.0,1.06,2,0.14
2023-H1,city=Lakeside & description_issue=True,2,18,5.0,1.32,2,0.14
2023-H1,city=Riverside & product_code=F,2,13,2.0,2.9,1,0.14
2024-H1,city=Clifftown & product_code=D,2,12,2.0,2.94,1,0.14
2023-H2,age_range=(50-60] & product_code=E,2,11,2.0,3.02,1,0.14
2023-H2,city=Springfield & description_issue=True,2,12,3.0,1.54,2,0.14
2023-H2,city=Riverside & description_issue=True,2,20,5.0,1.27,2,0.14
2023-H2,city=Mountainview & delivery_issue=True,2,17,5.0,1.34,2,0.14
2022-H2,city=Rivertown & quality_issue=True,2,17,8.0,0.8,3,0.13
2023-H2,city=Meadowville & product_code=G,2,12,2.0,2.71,1,0.13
2023-H2,city=Lakeside & product_code=G,2,14,2.0,2.63,1,0.13
2023-H1,city=Greenfield & service_issue=True,2,11,3.0,1.45,2,0.13
2023-H2,city=Brookside & price_issue=True,2,14,4.0,1.29,2,0.13
2023-H2,city=Brookside & delivery_issue=True,2,11,3.0,1.42,2,0.13
2023-H1,city=Mountainview & quality_issue=True,2,14,2.0,2.7,1,0.13
2023-H1,age_range=(30-40] & city=Lakeside & price_issue=True,3,12,4.0,0.95,2,0.13
2023-H1,product_code=A & service_issue=True,2,23,7.0,1.11,2,0.13
2023-H2,age_range=(40-50] & city=Mountainview,2,15,5.0,1.19,2,0.12
2023-H2,product_code=B & quality_issue=True,2,41,16.0,0.85,2,0.12
2023-H2,city=Meadowville & service_issue=True,2,11,2.0,2.71,1,0.12
2023-H2,age_range=(20-30] & price_issue=True & product_code=A,3,14,5.0,0.81,2,0.12
2023-H2,description_issue=True & product_code=G,2,16,5.0,1.15,2,0.12
2023-H2,city=Hilltown & service_issue=True,2,11,2.0,2.75,1,0.12
2023-H1,city=Greenfield & product_code=E,2,11,2.0,2.55,1,0.12
2023-H2,city=Hilltop & product_code=C,2,11,2.0,2.64,1,0.12
2023-H1,city=Greenfield & quality_issue=True,2,13,2.0,2.51,1,0.12
2023-H2,age_range=(40-50] & description_issue=True & product_code=C,3,11,4.0,0.85,2,0.12
2023-H2,city=Brookside & service_issue=True,2,11,3.0,1.37,2,0.12
2023-H1,age_range=(20-30] & city=Hilltop,2,16,5.0,1.14,2,0.12
2023-H1,age_range=(20-30] & city=Seaside,2,12,2.0,2.38,1,0.11
2023-H1,age_range=(30-40] & city=Lakeside,2,34,12.0,0.82,2,0.11
2023-H1,age_range=(30-40] & city=Hilltop,2,19,7.0,1.0,2,0.11
2023-H1,city=Lakeside & delivery_issue=True,2,18,6.0,1.04,2,0.11
2023-H1,city=Hilltown & quality_issue=True,2,11,2.0,2.46,1,0.11
2023-H2,city=Riverside & price_issue=True,2,19,6.0,0.97,2,0.11
2022-H2,age_range=(40-50] & product_code=E,2,16,9.0,0.53,4,0.11
2023-H2,age_range=(20-30] & city=Rivertown,2,15,5.0,1.09,2,0.11
2023-H2,age_range=(30-40] & price_issue=True & product_code=C,3,11,4.0,0.79,2,0.11
2022-H2,age_range=(40-50] & product_code=B,2,17,8.0,0.67,3,0.11
2021-H2,age_range=(30-40] & delivery_issue=True & product_code=B,3,12,5.0,0.75,2,0.11
2023-H2,age_range=(40-50] & product_code=B,2,17,8.0,0.67,3,0.11
2023-H2,age_range=(40-50] & product_code=A,2,18,6.0,1.03,2,0.11
2023-H2,city=Rivertown & price_issue=True,2,17,6.0,1.04,2,0.11
2023-H2,city=Springfield & price_issue=True,2,20,8.0,0.9,2,0.1
2023-H2,description_issue=True & product_code=F,2,19,9.0,0.6,3,0.1
2023-H2,city=Seaside & delivery_issue=True,2,11,4.0,1.13,2,0.1
2023-H1,city=Springfield & product_code=C,2,14,4.0,0.98,2,0.1
2023-H2,age_range=(50-60] & city=Lakeside,2,11,2.0,2.24,1,0.1
2023-H2,city=Mountainview & description_issue=True,2,14,4.0,1.05,2,0.1
2023-H2,city=Brookside & quality_issue=True,2,11,3.0,1.13,2,0.1
2023-H2,age_range=(40-50] & delivery_issue=True & description_issue=True,3,11,5.0,0.65,2,0.09
2023-H2,city=Springfield & price_issue=True & product_code=A,3,11,5.0,0.69,2,0.09
2023-H2,age_range=(20-30] & product_code=F,2,16,8.0,0.59,3,0.09
2023-H2,age_range=(20-30] & city=Riverside,2,13,4.0,0.97,2,0.09
2023-H2,city=Springfield & service_issue=True,2,17,6.0,0.84,2,0.09
2023-H1,age_range=(20-30] & product_code=D,2,19,8.0,0.78,2,0.09
2023-H2,delivery_issue=True & product_code=F,2,18,7.0,0.79,2,0.08
2023-H1,description_issue=True & product_code=D,2,14,6.0,0.8,2,0.08
2023-H2,age_range=(40-50] & city=Rivertown,2,11,6.0,0.57,3,0.08
2022-H2,delivery_issue=True & product_code=E,2,17,10.0,0.53,3,0.08
2020-H2,age_range=(20-30] & product_code=F,2,15,8.0,0.52,3,0.08
2023-H1,age_range=(20-30] & product_code=H,2,13,6.0,0.84,2,0.08
2023-H1,age_range=(30-40] & city=Lakeside & quality_issue=True,3,12,6.0,0.47,2,0.07
2020-H2,age_range=(20-30] & service_issue=True,2,32,22.0,0.36,3,0.07
2021-H2,age_range=(40-50] & service_issue=True,2,29,18.0,0.4,3,0.07
2022-H2,age_range=(30-40] & product_code=E,2,21,13.0,0.43,3,0.07
2023-H2,city=Mountainview & product_code=C,2,12,4.0,0.76,2,0.07
2023-H1,product_code=D & service_issue=True,2,18,8.0,0.61,2,0.07
2023-H2,price_issue=True & product_code=F,2,17,11.0,0.31,4,0.07
2023-H1,city=Hilltop & service_issue=True,2,16,6.0,0.63,2,0.07
2023-H2,age_range=(40-50] & product_code=G,2,12,5.0,0.59,2,0.06
2022-H2,delivery_issue=True & price_issue=True,2,23,15.0,0.32,3,0.06
2023-H2,description_issue=True & product_code=B,2,11,4.0,0.71,2,0.06
2022-H2,age_range=(30-40] & product_code=A,2,24,16.0,0.34,3,0.06
2023-H1,city=Hilltop & quality_issue=True,2,15,6.0,0.62,2,0.06
2022-H2,age_range=(40-50] & quality_issue=True,2,28,18.0,0.35,3,0.06
2022-H1,age_range=(30-40] & product_code=G,2,23,16.0,0.33,3,0.06
2022-H2,description_issue=True & product_code=F,2,14,9.0,0.31,3,0.05
2020-H2,city=Springfield & product_code=G,2,13,6.0,0.57,2,0.05
2023-H2,delivery_issue=True & product_code=B,2,15,9.0,0.33,3,0.05
2021-H2,age_range=(30-40] & product_code=B,2,21,14.0,0.27,3,0.05
2020-H2,product_code=F & service_issue=True,2,15,10.0,0.31,3,0.05
2023-H2,product_code=F & quality_issue=True,2,13,9.0,0.32,3,0.05
2020-H2,description_issue=True & product_code=E,2,14,10.0,0.26,4,0.05
2020-H2,city=Springfield & quality_issue=True,2,13,8.0,0.34,3,0.05
2023-H1,price_issue=True & product_code=D,2,17,10.0,0.37,2,0.04
2020-H2,product_code=G & quality_issue=True,2,14,11.0,0.18,4,0.04
2021-H2,delivery_issue=True & product_code=B,2,14,9.0,0.27,3,0.04
2023-H2,price_issue=True & product_code=B,2,11,6.0,0.42,2,0.04
2020-H2,age_range=(30-40] & city=Springfield,2,11,8.0,0.22,3,0.03
2023-H2,product_code=B & service_issue=True,2,12,7.0,0.36,2,0.03
2022-H2,price_issue=True & product_code=F,2,14,11.0,0.16,4,0.03
2023-H1,product_code=H & service_issue=True,2,13,10.0,0.19,3,0.03
2023-H1,age_range=(30-40] & product_code=D,2,16,12.0,0.17,3,0.03
2022-H1,price_issue=True & product_code=G,2,15,11.0,0.21,3,0.03
2022-H1,product_code=F & quality_issue=True,2,12,9.0,0.24,3,0.03
2022-H2,product_code=H & service_issue=True,2,13,10.0,0.19,3,0.03
2022-H2,price_issue=True & quality_issue=True,2,18,13.0,0.21,3,0.03
2022-H2,price_issue=True & product_code=A,2,24,19.0,0.17,3,0.03
2022-H2,age_range=(40-50] & product_code=D,2,11,8.0,0.19,3,0.03
2022-H2,city=Hilltop & delivery_issue=True,2,11,9.0,0.15,3,0.02
2023-H1,product_code=H & quality_issue=True,2,15,12.0,0.14,3,0.02
2023-H1,description_issue=True & product_code=H,2,12,8.0,0.23,2,0.02
2021-H1,age_range=(30-40] & price_issue=True & product_code=A,3,11,10.0,0.09,4,0.02
2022-H2,delivery_issue=True & product_code=D,2,15,12.0,0.13,3,0.02
2022-H2,city=Hilltop & product_code=D,2,11,9.0,0.13,3,0.02
2022-H1,delivery_issue=True & product_code=G,2,12,11.0,0.06,3,0.01
2022-H1,price_issue=True & product_code=F,2,12,11.0,0.07,4,0.01
2022-H2,age_range=(30-40] & product_code=D,2,13,12.0,0.05,3,0.01
2022-H1,product_code=G & quality_issue=True,2,12,11.0,0.06,4,0.01
2021-H2,delivery_issue=True & product_code=C,2,12,11.0,0.05,3,0.01
2022-H1,age_range=(30-40] & product_code=F,2,14,13.0,0.07,3,0.01
2022-H2,age_range=(40-50] & delivery_issue=True,2,22,20.0,0.08,3,0.01
2022-H2,age_range=(30-40] & price_issue=True,2,36,36.0,0.0,3,0.0
2022-H2,product_code=H & quality_issue=True,2,12,12.0,0.02,3,0.0
2022-H2,age_range=(30-40] & delivery_issue=True,2,34,33.0,0.02,3,0.0
2023-H1,age_range=(30-40] & product_code=H,2,13,12.0,0.03,2,0.0
